FileName, CommitSha
Hunting/Sample/powershell_or_nonbrowser_MailboxLogin.json,9a0eec92d96a88ff395cbc5c18c32c7d26e10c9b
Hunting/Sample/imProcess_ExchangePowerShellSnapin.json,27f4d4d5c5870c3de92b5f1ec0b9dc7b6a1e589a
Hunting/Sample/imProcess_enumeration_user_and_group.json,80f8da9e8d417326249a5e4521d1c1401ca4ff94
Workbooks/Sample/InvestigationInsights_ARM.json,e64b5908b9666fa3a5b8887c762ee1b4729319e9
Hunting/Sample/Addtional Org Admin Added.json,82920f876cc0d1b9e2315390d82621922163a538
Workbooks/Sample/TrendMicroDeepSecurityAttackActivity_ARM.json,3af59a0e00935c448b6322cf5ac9faa445d444c4
Parsers/Sample/FileEventEmpty.json,bd4f99830bbafafb20450c139b706d6dd119bd0c
Hunting/Sample/FileEntity_OfficeActivity.json,0301bb38eab8cd244a7811130ed3da9f92a41fd1
Hunting/Sample/Potential_IIS_BF.json,7b3e66b9aa30462b4438ea53e9f716c85a090170
Hunting/Sample/Anomalous_Listing_Of_Storage_Keys.json,0230f849652993224670003de39045fec05d0f61
Hunting/Sample/ProofpointPODLargeOutboundEmails.json,54e4ec40318f2679453051a79fb0e808fb4cec72
Hunting/Sample/ProofpointPODRecipientsHighNumberDiscardReject.json,4c0fba70670b81877b347fa4558eecf5943dea2b
Parsers/Sample/ProcessEventMicrosoftMD4IoT.json,8329b6e35bf951b04c738b81867d4399b9584a19
Workbooks/Sample/GitHubSecurityWorkbook_ARM.json,17496c44813684cbe950cd8d3f6fad0e0b67532b
Hunting/Sample/DisabledAccountSigninAttempts.json,06032be3fcd1bdc61a20cd8f6b5862f8c640b9d9
Parsers/Sample/ProcessEventGeneric.json,f75b38140d9f02a5bf3c92766ea9eb5829704035
Parsers/Sample/imNetworkSession.json,f6999177751264c4115c70e3baaf9fb919351189
Workbooks/Sample/SecurityStatus_ARM.json,0d6a6f14ac4f8ce1e390e24cf2a33f48e54d3d1e
Hunting/Sample/Mass Deletion of Repositories .json,7144e4ce67e6dd6bd6afb89457d605c2c7c84cb2
Hunting/Sample/Anomalous Sign-in Activity.json,494e79b8d7f85bf6e4b3bdd75736996dd0cf7b9f
Hunting/Sample/UserLoginIPAddressTeleportation.json,0f9643915f29eea9600a9d67c517fc1a48961462
Hunting/Sample/imProcess_NishangReverseTCPShellBase64.json,e25618953e6687d95bea3013d5d449d33dd1887c
Hunting/Sample/new_locations_azuread_signin.json,36479ebbf0c3c09dc0bb02fc33d504e9a922b99d
Hunting/Sample/imProcess_PowerCatDownload.json,09c0730b6842811665fb78e8ea805deedee761de
Hunting/Sample/imProcess_persistence_create_account.json,133630fafd2fe942edc5bc613c5302d4d9d1eeb3
Hunting/Sample/StsRefreshTokenModification.json,c88e097becbf68d55357b8e72f65939fd838f219
Workbooks/Sample/ThycoticWorkbook_ARM.json,0d03f4347d884511ef6c6a01caff8b90677b97df
Parsers/Sample/vimDnsMicrosoftSysmon.json,39bdc16c2533545ede1fd1e3753e69aa0553352d
Hunting/Sample/AzureSentinelWorkbooks_AdministrativeOperation.json,4cf08bccf6d0392f4fc40f856652da5027bb4f4f
Parsers/Sample/ASimDnszScalerZIA.json,485aa7fa20d2124666dac87be6d2aed2528fa23d
Parsers/Sample/ProcessEventMicrosoftSecurityEventsCreate.json,e0e215718c9f712a5c035c03537f612d0ed3c009
Hunting/Sample/Project visibility changed to public.json,50a6db18de4bb02dec680f02db5f690a9b971900
Hunting/Sample/Common_Deployed_Resources.json,5c954ec00f4687d6b0bfbeadc7ae9765e28574b3
Parsers/Sample/ASimDnsAzureFirewall.json,314cdde8e3ee72b34cc177d37c0311f40069a9f5
Hunting/Sample/anomalous_app_azuread_signin.json,955b409d69d6a4d75a63a8a27cd61b085d735548
Hunting/Sample/User First Time Repository Delete Activity.json,81af4e19e9aa8f5cf0af3944fd369985801023a7
Hunting/Sample/MultiTeamBot.json,91b2fac5b40d770593121717dd52cb888e4369a7
Hunting/Sample/SQL-UserRemovedFromServerRole.json,b5889b9b65f40c30ae04a7d346fedb02e8b878a2
Hunting/Sample/imProcess_cscript_summary.json,72f2ae42ab72cdeb68347fe9ff6b982295d0724f
Parsers/Sample/ASimDnsMicrosoftOMS.json,f224a753c043592e33aeff6a9850c91040f847cb
Hunting/Sample/AWSBucketAPILogs-SuspiciousDataAccessToS3BucketsfromUnknownIP.json,4c5c2e1ff497241112d3297654608feb91e482e7
Hunting/Sample/Certutil-LOLBins.json,6e696b0d470fe9fd5ba48b157d4c39442feef97e
Hunting/Sample/Suspicious_enumeration_using_adfind.json,3478beb8d840b7b90bd1ebf72379b911cb543efd
Hunting/Sample/PrivilegedAccountPasswordChanges.json,c6e877b225048568d471a72166e7338dcd5b6580
Hunting/Sample/CrossWorkspaceQueryAnomolies.json,70f9586a63aea16a55cd3cbda6251c2281b803a1
Hunting/Sample/AzureStorageFileOnEndpoint.json,394d2e37abd5a6f8ebeec5f07741caaffc8733c0
Hunting/Sample/Mail_redirect_via_ExO_transport_rule_hunting.json,bdcbffde58ebc172bbf6d75db7eeb3f4ba24d51e
Hunting/Sample/New_WindowsReservedFileNamesOnOfficeFileServices.json,51de30ce20aa61c3d92d476701962bcf51e9a818
Workbooks/Sample/WebApplicationFirewallFirewallEvents_ARM.json,184cba6367333850bd4380fe9f6260c8e92ccc99
Hunting/Sample/PotentialWebshell.json,96cb1702ea4f4aac128548fbaefc5aee75beebf1
Hunting/Sample/MultipleLargeQueriesByUser.json,c426e43331e4920f2db29579b0703493b848db67
Hunting/Sample/SpikeInFailedSignInAttempts.json,acee273046032e79024817f2584ef37c3e7c7e26
Hunting/Sample/Anomalous Account Creation.json,de77b52d34555d42dc1be9f74a5f3e36084d2d39
Hunting/Sample/Org Repositories Default Permissions Change.json,dbb0e39141c4083015b99cb4482ef637030be241
Workbooks/Sample/SophosXGFirewall_ARM.json,63db83d3d085c8bb0f413c8a17822bf43837467f
Parsers/Sample/FileEventMicrosoftQueueStorage.json,23a960b9f05755bd42be77f2f1f403a54201b80e
Hunting/Sample/UserAddToTeamsAndUploadsFile.json,fa08764f4f6dd21fea568f8926c3a10c91da5d15
Workbooks/Sample/SquadraTechnologiesSecRMM_ARM.json,10635ccfc04afa03236f88cd1b11e66c93fc3d2d
Workbooks/Sample/IoTAssetDiscovery_ARM.json,4c139ade2816e6701c4527296eb3f9d94b6afc15
Workbooks/Sample/pfsense_ARM.json,c10ea4109f34cfa55d001e598b074c1568523c39
Parsers/Sample/RegistryEventMicrosoft365D.json,edf3a4d0fd0e0e67dae0572311631edd185a3fc0
Hunting/Sample/Anomalous Failed Logon.json,46542b5e5d3917e69ab0da45843323d11ea62624
Hunting/Sample/NewUserCallingSensitiveWatchlist.json,10d14b05fc24b794e9488a76e9fb2f07d80cbc13
Hunting/Sample/SuccessThenFail_SameUserDiffApp.json,1cd35b5f1f7d40b0ec2ca1e0d451a74f64aa5087
Hunting/Sample/AWS_Unused_UnsupportedCloudRegions.json,4f50b07a4c55b8e1ff815469e344f12d9e1b6f82
Hunting/Sample/RareDomainsInCloudLogs.json,3705aace6c6a32da4349d1e909c878afac8ed634
Parsers/Sample/ASimDnsCiscoUmbrella.json,57faccf5a5282f9bee762d17c59cd19b9cfc5609
Hunting/Sample/ProofpointPODSendersLargeNumberOfCorruptedEmails.json,53dc847152f3954f732ce8d925e3123f891a3f47
Hunting/Sample/GroupAddedToPrivlegeGroup.json,c4a35ac77244c9fa2b6b3219d72812615124317f
Hunting/Sample/RareAuditActivityByApp.json,721e990df350730a427dac56f8a23ce2cc3a5e45
Workbooks/Sample/ZscalerWebOverview_ARM.json,e0e5a0c5452874ce1fe6e4e827860ec505fdbab0
Workbooks/Sample/AnalyticsEfficiency_ARM.json,2af8bd82fe3fb157cd11467948fecd2e808b875f
Workbooks/Sample/PaloAltoNetworkThreat_ARM.json,cc4913fba7d5c3c309785e8ea9fe2e19ef7364ac
Parsers/Sample/ASimAuthenticationAADManagedIdentity.json,3f9cd138778c161e1633175a006e3fd0f9c50a0e
Hunting/Sample/Least_Common_Parent_Child_Process.json,e8439bb0c58355ceea8999e9446d6cdf12a25b10
Parsers/Sample/ASimDnsInfobloxNIOS.json,dc8f707d33b572c6b6234ce5ee37150731e5d3f1
Parsers/Sample/FileEventLinuxSysmonFileDeleted.json,5b7af7b7884ebb3522609eb329908eb0397eb082
Hunting/Sample/UserAdd_RemToGroupByUnauthorizedUser.json,1a00c97b351ce361fc45af730b78fc86e55b986d
Parsers/Sample/imDns.json,32e23c9bbc410652147bef399d05b910563b12a0
Hunting/Sample/ConsentToApplicationDiscovery.json,fd39c1c5e6844e6a757fff025c22de3bca50f790
Parsers/Sample/NetworkSessionCheckPoint.json,24910b15bebe1d1bb1b3c91fe455901c23152a8f
Hunting/Sample/ProcessEntropy.json,8cc0b6e9ab3f5328ac89b3350fa167bb795039ee
Workbooks/Sample/SymantecVIP_ARM.json,2105af2ca2d2735f94dd092ccc1b3d5df0b5d97b
Hunting/Sample/NewClientRunningQueries.json,1853bf4ebb15e0c8beaeb3eea72965a836af4262
Hunting/Sample/WindowsReservedFileNamesOnOfficeFileServices.json,e679002cceb3907db2ad21b8d0325b0212907154
Hunting/Sample/imProcess_powershell_downloads.json,5fd847d7cd0ed91a1bdc2c4088fec69e73f079df
Hunting/Sample/MultipleTeamsDeletes.json,bc5e6ef7d95411de67596970e59bd35b1d5ed418
Workbooks/Sample/AzureNetworkWatcher_ARM.json,2beb51e279e38a22f4d81be3c03fae50df579ce5
Hunting/Sample/new_sharepoint_downloads_by_UserAgent.json,7c1c95e78dd4ced74c780622ca8ab5a1c2e59d51
Hunting/Sample/PaloAlto-HighRiskPorts.json,b91202e59f699bf1af0032b8f48e8efa122b67a7
Workbooks/Sample/Dns_ARM.json,3bee7b5bcdca49897effe904aeebd9deb156c9f7
Parsers/Sample/vimNetworkSessionMicrosoftMD4IoT.json,9ae67037a5c3aec42a58fce68a0672e7d7bcfb7b
Hunting/Sample/AnomalousUserAppSigninLocationIncrease.json,6b1b1258425e10ebdc91191274923f14c42c142d
Hunting/Sample/UserGrantedAccess_CreatesResources.json,869abaea53e55a1394463fee1e3bd9969869dfed
Hunting/Sample/imProcess_Suspicious_enumeration_using_adfind.json,4fdec947a99f77d3dd84223f4118ea23b8532c2b
Hunting/Sample/AlertsForUser.json,d8176f6915e2d627b3c0afb07c7f2aa6ce1c11c2
Hunting/Sample/PersistViaIFEORegistryKey.json,29783ec4d5af984653ff5fd40be3d0c61569604c
Hunting/Sample/AppRequiredResourceAccessUpdate.json,dc9c24fe1079cf5af726b6bb5cab089f35a0cc86
Workbooks/Sample/PaloAltoOverview_ARM.json,5feb30d7cd90839c13d88fa95fd631b8ee4f86ef
Hunting/Sample/Rare_Custom_Script_Extension.json,f1d4255bc34dcc704797d946e352ec5211e0caea
Hunting/Sample/WebShellFileAlertEnrich.json,0fa0739f8fafbfdbd8dc18d96fb03e3df29e7a46
Hunting/Sample/Anomalous Role Assignment.json,92dc1f8fb518c594b0f8e509ddae0fadf890365d
Hunting/Sample/double_file_ext_exes.json,8f7e260c738e2decf27323a0b808fe33df26c5e4
Parsers/Sample/vimAuthenticationAADSigninLogs.json,9216b04885b8823f42c249091aa8e297af0e5f54
Hunting/Sample/Solorigate-Encoded-Domain-URL.json,d5e902deb99b437873d317ffbbf9ecfadc1f2845
Parsers/Sample/RegistryEventGeneric.json,aaf0b5b601cbe4464866f971e74fc7eabfb39d94
Parsers/Sample/FileEventGeneric.json,31e263e74001a16fc5c04332a4c5b017699f50d6
Hunting/Sample/ProofpointPODHighScoreAdultValue.json,930c8b73a4ef7aaa1f7d75bdcc52a93c797aad64
Hunting/Sample/NewServicePrincipalRunningQueries.json,7f46b38cd00f078d8d19dee5ce5b58aee4d540ae
Workbooks/Sample/AzureSentinelCost_ARM.json,09bfb00332a7333055e230413dd1dcdeaabbec62
Parsers/Sample/vimAuthenticationAADNonInteractive.json,75493fc90167e0773da2083368f17f949b081b0b
Hunting/Sample/Creating_Anomalous_Number_Of_Resources.json,6e17bc5abf12bf3166ffbdfc4eaca7fab358b9e1
Hunting/Sample/AlertsWithFile.json,09c6d7cf600c3d4f8e566af4e47110d26409f7eb
Hunting/Sample/NewBotAddedToTeams.json,41f0b5c52c2be62be0db85c719ce1097ee436359
Hunting/Sample/cscript_summary.json,719d924e7cbfd49f2a52f3ed81518590145e7f84
Parsers/Sample/FileEventM365D.json,d96197dde29cdd18cd9f0d28e25bbe92a02fb5ed
Hunting/Sample/DNS_WannaCry.json,894719d9089ee791abddfefa5f6824c62a313387
Parsers/Sample/ASimAuthenticationAWSCloudTrail.json,a795e0511abcb9e6ac1d10565145353228b7b51b
Hunting/Sample/SuccessfulAccount-SigninAttemptsByIPviaDisabledAccounts.json,758bed35121d53b66e8f439a831ebbbb96b08d9c
Hunting/Sample/enumeration_user_and_group.json,68333ee00d50ee50a7ee2612138be1d573326018
Hunting/Sample/ProofpointPODRecipientsLargeNumberOfCorruptedEmails.json,96a7e7dfbbbff44dbd594ec89a8384e6e30eb3f6
Hunting/Sample/ADONewAgentPoolCreated.json,5a463d7fd909ddc6ec52527d27b8fe158a236a0b
Hunting/Sample/Public Projects enabled.json,95d15c7e51a10e83561630fd796ea07c7f898955
Hunting/Sample/UserCreatedByUnauthorizedUser.json,a26b8dc9148af8c744defaefbcdc83dd859925a6
Hunting/Sample/Anomalous Geo Location Logon.json,968b60b7addf556be6b2a128ed49d053069325cc
Hunting/Sample/Anomalous Resource Access.json,e01546393716e49ab7e719ed6433a021bd6c8a50
Workbooks/Sample/TrendMicroXDROverview_ARM.json,314586313f812048eb76fa3babe8737879e73902
Parsers/Sample/NetworkSessionMicrosoftWindowsFirewall.json,17894b4f60cc4cf683ec698df48daf29a0d9a95b
Hunting/Sample/DormantUserUpdateMFAandLogsIn-UEBA.json,9fe862159bf8206860333e4bfffa1cbec1b1bb23
Hunting/Sample/DNS_CommonlyAbusedTLDs.json,435e15018db7f70baf20189e300469d93ba40fbc
Hunting/Sample/FileEntity_VMConnection.json,edc05a3c6bcd713e632ce0631c212a8759142a72
Hunting/Sample/AWSBucketAPILogs-S3BucketDataTransferTimeSeriesAnomaly.json,78d073672ca115faa2b7b009d63059dcea912475
Hunting/Sample/RareProcbyServiceAccount.json,022ef694a3b1daee4177201e675ff5cf1b5fda74
Workbooks/Sample/AzurePurview_ARM.json,5732419bdbb276757a4d33506cda9ce73697c81b
Parsers/Sample/ASimAuthenticationAADServicePrincipalSignInLogs.json,aa56847347d0294a0d7c2c1996741e9373dc7aa5
Parsers/Sample/FileEventMicrosoftSysmonFileDeleted.json,7b0ffbb6d5b5d102310f8c5c44b5e5873e7cc849
Hunting/Sample/Suspicious Fork Activity.json,cf16c2c1705c20689d56e36d9d124d434938a18e
Workbooks/Sample/Barracuda_ARM.json,dfc7b3ed3ecf3fe7a840f0114b2929d493ded1f2
Hunting/Sample/ADFSDBLocalSqlStatements.json,66391ab280c83c7b09e18cc96949a523147abb0f
Parsers/Sample/NetworkSessionMicrosoft365Defender.json,da1eff96f34c10a52599e4715f4225674e7a5c7f
Parsers/Sample/vimAuthenticationAWSCloudTrail.json,144d14e1c34c53bb1c6b224e364318a0acb87e99
Hunting/Sample/imProcess_ProcessEntropy.json,745bc8c303397e0715c1b5d4d79367137b1aaa9d
Hunting/Sample/AzureStorageUploadLinkAccount.json,0dca6f2eed9b78a5a866d74511fa8b8fec0b412e
Parsers/Sample/ASimAuthenticationM365Defender.json,cef0695b853c30f84732a1f9b3e60cd8b1a6f9fd
Parsers/Sample/vimDnsAzureFirewall.json,d67654f9e968fe0ff59a49efe2cc2e84c3f6abde
Parsers/Sample/FileEventMicrosoftTableStorage.json,815c7912f71eb30a3e66db3cbe6335c780a24082
Workbooks/Sample/UserMap_ARM.json,fa428281449dfdc355a49f064bb503de031c2a4c
Workbooks/Sample/PulseConnectSecure_ARM.json,96f58daae0c65d5757cdadf2e2aa3ef354ca304a
Hunting/Sample/SQL-Failed SQL Logons.json,538be2583b0dd3df646ca45f7602724823c0f9b3
Hunting/Sample/Invoke-PowerShellTcpOneLine.json,10175e598b5c32d9bfa36788cdc5b8a2b86c5c41
Hunting/Sample/ADOReleasePipelineCreated.json,1a7c7ea82710ad6306ecdb1222d2390c402a9f02
Hunting/Sample/AzureStorageFileCreatedQuicklyDeleted.json,4cf6499b394e0a7e3d1aec911190762464e69b19
Workbooks/Sample/VMwareCarbonBlack_ARM.json,cd78850b16f696a0adec78f2b6435a5840d295b1
Workbooks/Sample/CiscoUmbrella_ARM.json,f41407e2199408539b16d3ce38d582ebd4291e99
Workbooks/Sample/AzureFirewallWorkbook_ARM.json,52e12d80bfca152836bf28b87d8df704eae6309b
Workbooks/Sample/Perimeter81OverviewWorkbook_ARM.json,2ed3743cb440dbd2de572b363bc9a6b2aa9ff71e
Parsers/Sample/ASimAuthenticationOktaOSS.json,4c432af5841bf100caf0885440414e634a7edaa8
Parsers/Sample/vimAuthenticationOktaOSS.json,340e7527668ace4ac7d5d5e0d26f7559637da509
Parsers/Sample/ProcessEventMicrosoftSysmonCreate.json,d20156a343504f80ca235231ae0bec690d068792
Hunting/Sample/PowerCatDownload.json,05863bfe5ab2d69c4a346cebac87c4630aa0cae6
Workbooks/Sample/SymantecProxySG_ARM.json,fdf92e8abc92f453df0ff0638af5861af4d6e7df
Parsers/Sample/vimDnsInfobloxNIOS.json,068f9485e79b84fa90017ecfa2636336f657f6c8
Hunting/Sample/AWS_IAM_PrivilegeEscalationbyAttachment.json,5e2495d4fab5272b077838d0e1ad1004d8fc91c4
Hunting/Sample/ADONewPATOperation.json,d569d71650ca0f8fad4b9b19e63aac40073bc99c
Hunting/Sample/DNS_HighReverseDNSCount.json,0d2837996ca383f59497a2a704449099179c16db
Workbooks/Sample/EventAnalyzer_ARM.json,7c5393eeb232ad9779d210c96d0f0c44e4067136
Hunting/Sample/RareClientFileAccess.json,13065180bf34493d5f762ea1fb472856a4734403
Workbooks/Sample/SharePointAndOneDrive_ARM.json,2701b38856adaef3e18be067ec53e31928a5c113
Hunting/Sample/SmartLockouts.json,11d9b65120f38c6d8f3b34182dbd32ee3f2fbf8c
Hunting/Sample/UserRunningMultipleQueriesThatFail.json,9307eacb42eb935bb61a6caeca8cd22abfb36d8a
Hunting/Sample/TeamsFilesUploaded.json,e01ee18f7ca13ff5c3abdeecd533cf6694a4eacf
Workbooks/Sample/UserEntityBehaviorAnalytics_ARM.json,fdb835130c1ab7a2591eb092dc1898039a91ed12
Hunting/Sample/AWS_PrivilegedRoleAttachedToInstance.json,d31edb6b12ca77b9e834a260cf3c72f30ec005a9
Hunting/Sample/DNS_HighPercentNXDomainCount.json,483a30ef8f92866171a7456d0c474a3dd967ed1e
Hunting/Sample/ProofpointPODSuspiciousFileTypesInAttachments.json,f91a93a6b8d23f1fa50655369a62008918716414
Parsers/Sample/vimNetworkSessionEmpty.json,2f8d0d25448904b8cd2835e38aec43688091923e
Workbooks/Sample/IntsightsIOCWorkbook_ARM.json,ded6533d66397706143a3adb102ae7b07a86f044
Parsers/Sample/AADSTSErrorCodes.json,e1f068c083ae384c6061424b11b7c836d3779d9f
Workbooks/Sample/AzureKeyVaultWorkbook_ARM.json,5dae93b6979216dc10c4c55b5237cff5225ad5fa
Hunting/Sample/QueryDataVolumeAnomolies.json,25aad5b01397b97c9cd4f19546cde96a2f43ec5c
Hunting/Sample/uncommon_processes.json,d10f697274b89d21bbb7fd72d5a941385c05a46e
Hunting/Sample/ExchangePowerShellSnapin.json,cd44d176c7469b0807ce4698a78ae7bfeca0e019
Hunting/Sample/MFAUserBlocked.json,b52b85823465ba920770a7ef07c360216b52a5d9
Hunting/Sample/TrackingPasswordChanges.json,a26cfa9a36673b8aa9611d291b6527e06c272017
Workbooks/Sample/SOCProcessFramework_ARM.json,c86b6f30d6e4fd7d9a0d5248193a3e60fc42d8b5
Hunting/Sample/Public project created.json,0f8091563765620f9ae3d3cf2328308af3cbac1b
Hunting/Sample/AAD Conditional Access Disabled.json,d9193765db5227b203f22beffed9a2ecdacb1430
Hunting/Sample/AzDOPrPolicyBypassers.json,d76ff555f80c5f79db29bce32be771aac441ea45
Hunting/Sample/Granting_Permissions_to_Account.json,e9c79d23d30f6fc0868030ec34958c361f2bac3d
Hunting/Sample/AzureResourceCreationWithNetworkActivity.json,ad69e96701d6d5082012d924d59095d0cb721015
Hunting/Sample/DisabledAccountSigninAttemptsByIP.json,9094a6b38a8a00dc12414d05c66d76ee77206ae0
Hunting/Sample/AlertsWithProcess.json,cad2f39498545ed4a151e8233cc6586499a0ffc0
Workbooks/Sample/WebApplicationFirewallOverview_ARM.json,3d8809007cc4498e26554c113061840eced44fda
Hunting/Sample/FileEntity_WireData.json,fdae3a5fbc382888a6da92b2cd0043335bd2bcf7
Hunting/Sample/AzureRunCommandFromAzureIP.json,fd6175a9bae80bf431837a4c7d7d66e6a155bfd5
Hunting/Sample/PrivilegedAccountsLockedOut.json,0bcc0edbff7c4dbc9b719f93b4776ec0f2e0efda
Hunting/Sample/Anomalous Login to Devices.json,299901079fbb3279c5f032a2889d218eee5108c5
Parsers/Sample/ProcessEventMicrosoftLinuxSysmonCreate.json,4c43bfa2f2dc2733a3e6b84ee99df6156e71a42e
Parsers/Sample/vimDnsMicrosoftNXlog.json,1b6cf95da5e6e00fc8ab77871bfb2766b4106f0e
Workbooks/Sample/AlsidIoE_ARM.json,4bba62bbac7a34fee2514e96b7ff2ec580f6bb00
Parsers/Sample/ASimAuthenticationMicrosoftMD4IoT.json,497ae288eba87be2547ab8bfb7a41979de1bef59
Workbooks/Sample/ZscalerThreats_ARM.json,f06afd158bc092bbca88d7c1c828733bd29c7f46
Workbooks/Sample/CyberArkEPV_ARM.json,ac044f4db0b697503401272b4e1ed7a4ee6d5dcb
Hunting/Sample/RareUserAgentStrings.json,4d5af9963279b3e3da47a4ebe9fa9f3b2c2b7c47
Hunting/Sample/masquerading_files.json,e71d59a027ef508a5211d52c5694576ba9f45372
Hunting/Sample/HighCPURoom.json,fa16a1a0c007e07fa963a6d144fe7cfcb1916dd6
Hunting/Sample/DNS_DomainAnomalousLookupIncrease.json,1aa553c4afa01eeeb66383a5149a9d67a70f5600
Hunting/Sample/PortOpenedForAzureResource.json,79caca2f54af1f94b5e06bdb3adaadd72f45c63f
Workbooks/Sample/ForcepointCASB_ARM.json,0fa3b4a78354a7cadf95feef00ccb93019573422
Hunting/Sample/WindowsSystemTimeChange.json,b6ed87ee132c6d27a9cc58dc38828de30db9f59b
Workbooks/Sample/ExtraHopDetectionSummary_ARM.json,2cb10bc43b7ac2355d14d4a9b5bf136e04745183
Parsers/Sample/ProcessEventMicrosoft365D.json,1edc62d1b704f49365966e3acbcf771cde7ff27b
Hunting/Sample/AzureVirtualNetworkSubnets_AdministrativeOperationset.json,b88a30bb8794aac80df53d7224ca535ae0a8bb75
Hunting/Sample/imProcess_Invoke-PowerShellTcpOneLine.json,93ae4f821b8840ff286d2c9bf24c39e16ce2c646
Workbooks/Sample/AlsidIoA_ARM.json,4a5d78190b6fe013099d2a544145b683497b0766
Hunting/Sample/Oauth App Restrictions Disabled.json,2df2def9b9d7296c9afa0f0ea6013649520b7398
Hunting/Sample/PermutationsOnLogonNames.json,d194479e971d3d010dc3f5c089b53ecb30bb46b7
Workbooks/Sample/SecurityOperationsEfficiency_ARM.json,52a27580389d9949648fca63f2fd0d21129268df
Workbooks/Sample/NormalizedNetworkEvents_ARM.json,ddbaa5f60f6a9dc97a22a66646e4019d78ca08c3
Hunting/Sample/Guest users access enabled.json,a2476ed5dab1e1a8907c4aa3614f5e697c7e074c
Parsers/Sample/RegistryEventMicrosoftSysmon.json,5b42cf86d3a7328a198bb683ee20481946d5c01c
Workbooks/Sample/Fortigate_ARM.json,77123867a6162ca321f7e1cdd6f5005a1b656ac4
Hunting/Sample/RareProcessWithCmdLine.json,d3ea45422bb1f691e9d852f51275fceec1227554
Hunting/Sample/NewTZ.json,60373fd271d7eb2fb955452bfc91160c8bf8c475
Hunting/Sample/ReconActivitywithInteractiveLogonCorrelation.json,50730311f0b09b7f60c3c59ac58ad5b0beefda0e
Hunting/Sample/UserAccountAddedToPrivlegeGroup.json,f51145f6b3b30e17a7063780ad79da917a465822
Workbooks/Sample/SentinelCentral_ARM.json,f51d78ac83bbbf436b0181384fe14044af518ec9
Workbooks/Sample/ASC-ComplianceandProtection_ARM.json,f94b09bdbfaed65a26f4d2dc19dab3dfbccc36aa
Hunting/Sample/ADONewPackageFeedCreated.json,69db5db75ecdaefb406be2373b4a9b5dbdfe902d
Hunting/Sample/SQL-UserRemovedFromSecurityAdmin.json,2d719f7b2062886d677c9f156149bd64925887d4
Workbooks/Sample/ZscalerFirewall_ARM.json,c5faf7bade961dfe8915ef43f425b83645d4b527
Workbooks/Sample/CitrixWAF_ARM.json,922e4dbd1b9b4bfeed9033750cb2464ee5130a5a
Hunting/Sample/User Grant Access and Grants Other Access.json,71a7d2692ff22385e14c36fbb1d9294346b9dd5f
Workbooks/Sample/WorkspaceUsage_ARM.json,eb1aaa8c24745ff438c877b0ae77d5f69d0627c8
Parsers/Sample/vimDnszScalerZIA.json,16e624f8d8dc524fcb0b4cb272cb1dd381d88c38
Hunting/Sample/new_processes.json,ff827d6605158b2b71abe3102c8fae6328a50196
Hunting/Sample/SignedBinaryProxyExecutionRundll32.json,1521f2a59500a9daf3a592f072b42f5c16640bd3
Hunting/Sample/SchedTaskAggregation.json,2d459ea4f4ed94da59d6bd7819b8fea3039a4643
Hunting/Sample/powershell_downloads.json,083c873cd24ef89a6361d1a6aac332d3ca2124b3
Parsers/Sample/vimAuthenticationAADManagedIdentity.json,ef9cd48894fd344a2a4a562632dc77840d5ddde9
Parsers/Sample/ASimDnsMicrosoftSysmon.json,527334e06dbd55c542db2e8486841c5d1253ffad
Hunting/Sample/ExchangeServerProxyLogonURI.json,67e87435614aca70d5e438ca22b7579057fe4edb
Hunting/Sample/SQL-New_UserCreated.json,5795ba8041aa3f0420166affc69112309aa695fc
Hunting/Sample/UseragentExploitPentest.json,3d01b73ab8500a6f18a0bff32915479f14620cf7
Parsers/Sample/RegistryEventMicrosoftSecurityEvents.json,fbb65333c671b8528821b9bc22e42c2ed4fa37b9
Parsers/Sample/ProcessEventMicrosoftWindowsEventCreate.json,bd5d7f3a91bfa2addd02b4490d3a7e5833e398d6
Hunting/Sample/ExchangeServersAssociatedSecurityAlerts.json,8be0a159d27e876ef2c6ee178eb4802bebad3b21
Hunting/Sample/AWS_SuspiciousCredentialTokenAccessOfValid_IAM_Roles.json,60697a44b916c22328cc2b50b03b3211fe4b837b
Hunting/Sample/STRONTIUM_IOC_RetroHunt.json,70e11a93687e9a44fd517ae5dcab7be9c2b01d8e
Hunting/Sample/ExternalUserFromNewOrgAddedToTeams.json,a6ad0579804612995d76d8a315ee96f157cb1768
Parsers/Sample/DnsEmpty.json,d7b840db0c2cfb9ee8ec84748907a257e78b1289
Parsers/Sample/NetworkSessionZScalerZIA.json,71a66aa06da98d4511516ddc37914208757b0cd9
Parsers/Sample/vimAuthenticationEmpty.json,95efa41807583d258a2a845f21e6574786ed031b
Workbooks/Sample/ADXvsLA_ARM.json,e393bfb0af13fc9253e435936f6740f7a96183bc
Parsers/Sample/ASimAuthenticationAADNonInteractive.json,f235e2e6310497eda0e45bb6b61145b73fbd1616
Hunting/Sample/AzureNSG_AdministrativeOperations.json,21438ad19fb130877a9a94dd8c3d4d0919dc0352
Hunting/Sample/PotentialMicrosoftSecurityServicesTampering.json,e10b6d7c5ab8df4c4a37fa6bb6a7d0f5d5a26807
Workbooks/Sample/F5Networks_ARM.json,939a3c093c4053cf45e8dfa17e09c65c2eaf9ae7
Parsers/Sample/ProcessEventCreate.json,0cb3a25cbd510b4824e8d0f6f37ad4b5850ec5e2
Parsers/Sample/ASimDnsGcp.json,50f307ab01ba08ff4bb6bb0b61506af496b20422
Hunting/Sample/SuspectedMailBoxExportHostonOWA.json,87e61469d0a8a1f596bfd5e9475c6a42aa00023e
Hunting/Sample/sharepoint_downloads.json,09ff1e72f45d7b0c1d4950cdb1ce4b13ec6c8e6f
Hunting/Sample/AzureRunCommandMDELinked.json,cb199f36e94c3a0be36a01194c9eed48d222e69e
Workbooks/Sample/ThreatIntelligence_ARM.json,0ab9adb482c8ae847051978df815508921c0e407
Hunting/Sample/ADAccountLockouts.json,09203d0dc7b880bd9793dff616273dbfc987d61e
Hunting/Sample/squid_abused_tlds.json,5a4a599be390c0eeb6af49a1456b0f31d2260f55
Hunting/Sample/imProcess_Windows System Shutdown-Reboot(T1529).json,52f0e821629668af7df47181e2ac2ba3dfb09a2f
Hunting/Sample/RareProcessPath.json,20db485f613b26cd71aa83948e4ab7f3c6f18094
Hunting/Sample/Anomalous Password Reset.json,f7a49cc7635c3cd78bdd66d2bf70f6a0b111e658
Parsers/Sample/ProcessEventMicrosoftSecurityEventsTerminate.json,941e11b026f8d1b782ec4d827c3121fc9dbb034e
Workbooks/Sample/AmazonWebServicesUserActivities_ARM.json,d0e6cc0ef62199570c94aa10db7fbf26a7061b6d
Workbooks/Sample/OnapsisAlarmsOverview_ARM.json,d828eb14373b2b1de836c84126216b69150e7bc5
Workbooks/Sample/ProofPointThreatDashboard_ARM.json,b23a36efd311d33bee9700d582642f04aa1d52d8
Hunting/Sample/StorageAccountKeyEnumerationWithSigninandAuditlogs.json,3179de5d9ece832f7f4d7f9b6f293fce3532f0df
Workbooks/Sample/CiscoMeraki_ARM.json,c121c1ba6540d79a9a98f955bc2be5b61880bd43
Hunting/Sample/TrackingPrivAccounts.json,b461e6470228341b5f13e456bbbb725cf00f8ac3
Parsers/Sample/vimDnsGcp.json,371e4d3867c01ef515c9314f264ed751897e007c
Hunting/Sample/ADOBuildDeletedAfterPipelineMod.json,990c7f07b2a7609a95e4b1b751301cb9cefc1d69
Hunting/Sample/squid_volume_anomalies.json,21317dda334f9baa416a4c1ad00493330012d5fc
Parsers/Sample/FileEventMicrosoftSysmonFileCreated.json,f9625dd8bd3c1e6a65365086106617d872ac7e01
Hunting/Sample/OfficeMailForwarding_hunting.json,cb3712a36a9c3c613e34292c029c71770fa56b35
Workbooks/Sample/ExchangeCompromiseHunting_ARM.json,af02c2c428ec42959a04aa72e22dbd1e091816d7
Hunting/Sample/UnauthUser_AzurePortal.json,a3b72899a75e125bff5df819623d9ef48af0ec46
Hunting/Sample/imProcess_Certutil-LOLBins.json,7b52d417c205c0630de7f4724851c31fe0ef987f
Workbooks/Sample/IllusiveADS_ARM.json,2348082f2dbaedf41728212c6aa82c0d7c481b37
Hunting/Sample/FailedSigninsWithAuditDetails.json,dee2331d56883e9229f1cb76d845f5e9a994636d
Hunting/Sample/ADOBuildCheckDeleted.json,7aed4a68c8139020ba83e2e90437f8ef46e26bc9
Workbooks/Sample/F5BIGIPSystemMetrics_ARM.json,03e879af4fa836f13ae073b68f7b497d8a1e90ea
Hunting/Sample/imProcess_SolarWindsInventory.json,cc3a0f890a7807770064b2776d5d130c08d473cb
Hunting/Sample/SQLAlertCorrelationwithCommonSecurityLogsandAuditLogs.json,c1a8f28ce7210f2fced152dbe4ed746a2c5bc7d6
Workbooks/Sample/AzureActivity_ARM.json,18d6cd862b786a2d3d6b2f87e92c6eba3266b0ea
Workbooks/Sample/CybersecurityMaturityModelCertification(CMMC)_ARM.json,d2cadca134723d5df27b82417302e5a91f5c0764
Workbooks/Sample/CyberpionOverviewWorkbook_ARM.json,47d923810888fa37939335bfc0939996429510b3
Parsers/Sample/ProcessEventMicrosoftLinuxSysmonTerminate.json,1ecf039bf46e25e62455b57b21ba8aa987039d4c
Hunting/Sample/WebShellActivity.json,6f33926809b5eff93ffed4a91573e99360b82060
Workbooks/Sample/TrendMicroDeepSecurityOverview_ARM.json,b48d0e6892f8da9482e96d7b74d88aaaf1845737
Hunting/Sample/UnicodeObfuscationInCommandLine.json,7dd3dc689acfca282622dbafd6acec274c164609
Parsers/Sample/ProcessEventMicrosoftWindowsEventTerminate.json,079cf4376321f93c8634d4c67a0c6a2f835a4a7d
Workbooks/Sample/VirtualMachinesInsights_ARM.json,07b5685aa28e00071097621ef0a4fc542efcef70
Hunting/Sample/Unusual Number of Repository Clones.json,a7fd6e5af17a6a6bb996853436acdccc0be46e07
Hunting/Sample/HostExportingMailboxAndRemovingExport.json,c89ec3300fa796eb69218489993f03b42e2f23cd
Hunting/Sample/Anomalous Activity Role Assignment.json,77591801e807e08b02b60a821720cb9456dd6ab6
Hunting/Sample/SQL-MultipleFailedLogon_InShortSpan.json,c6c82b52feb50d692d61bcb5f4d08a83df51f5c9
Hunting/Sample/ApplicationGrantedEWSPermissions.json,b7d4caca5c0002c349daaf966730eb5b0cdeae1e
Hunting/Sample/Repository Permission Switched to Public.json,d89312e7dd78b5fdcaf456faa7c00e1429a839e0
Hunting/Sample/ProofpointPODHighScorePhishValue.json,f66650009652b4dec41c4e8f04b2a7d2c094e504
Parsers/Sample/vimAuthenticationM365Defender.json,8cefee22c630d26c80e3d4ad6608c3d755b80b3e
Hunting/Sample/ProofpointPODHighScoreSpamValue.json,16dc8f696c04d624fd567b4c81e10893d35260d1
Hunting/Sample/SQL-UserAdded_to_SecurityAdmin.json,6400bde76d639ba44dc5eead33b2f634b0e15860
Hunting/Sample/LoginSpikeWithIncreaseFailureRate.json,8b73e236f83190bb24683023a038dfb93aed6f84
Hunting/Sample/ProofpointPODHighScoreSuspectValue.json,52af3ed7bb24749487d2faa6b838f5a06e80d716
Workbooks/Sample/QualysVM_ARM.json,3ec0d87603fc3f2ad8990e26c6d29d0edc2086d8
Hunting/Sample/imProcess_uncommon_processes.json,30e9749a446dc14aa04d2bcba467c49ae36dc1ed
Workbooks/Sample/OktaSingleSignOn_ARM.json,7c8eefd2e25608ae30aab94cc73fa2b7caed11e2
Workbooks/Sample/IncidentOverview_ARM.json,5d0b4685ae7b61ecef82406a59acf2586978c628
Hunting/Sample/AnomolousUserAccessingOtherUsersMailbox.json,7f7de05e0e330a5b56eb1d301f3c489c369f6077
Hunting/Sample/nonowner_MailboxLogin.json,b831f787435e4af30ec6d94a20642680f8a49f5f
Workbooks/Sample/UnifiSG_ARM.json,1c27f09639ee9276a508fc90cc87ebb612a5b2b2
Parsers/Sample/NetworkSessionPaloAltoPanOS.json,377e5a951e4ad404660a14916eaef9bf56c62e51
Parsers/Sample/ASimAuthenticationMicrosoftWindowsEvent.json,d55eb964e14f4794d1305901b6496dbc19460932
Workbooks/Sample/OrcaAlerts_ARM.json,82533508365bfe60756f6218404aac3945451e58
Parsers/Sample/FileEventMicrosoftBlobStorage.json,be3f76f6aa52f7f07a1e7ca321d3cde7e3148331
Hunting/Sample/SuspectedLSASSDump.json,a6e78540634ee4b3a1ff26f73e5300c56d19eaba
Parsers/Sample/vimAuthenticationMicrosoftWindowsEvent.json,744c67cf54cde597666d59e63c9c3977b09ffe4d
Parsers/Sample/vimNetworkSessionMicrosoftLinuxSysmon.json,0b02b69d45ef03ea0b2c0c289f6a2383b5318e54
Parsers/Sample/FileEventLinuxSysmonFileCreated.json,d3e05a450049ff19afd1f39b6f79769681e2cd1e
Hunting/Sample/RareAuditActivityByUser.json,cb6aef6fa2a8f6a58a63bc70268f289dee2bf35e
Workbooks/Sample/WorkspaceAuditing_ARM.json,afde90e6257a67cfadcc4885e9d6c584c53e911a
Workbooks/Sample/ZscalerOffice365Apps_ARM.json,35934fa28d226648df5f3d0e9bdbd09dfc8321c6
Workbooks/Sample/CognniIncidentsWorkbook_ARM.json,98cbeb83d2e5798917e52e23c6e062b1a0f9f2b6
Workbooks/Sample/WorkbooksMetadata_ARM.json,f2bde2d62e3d5e038105798eed16948275011361
Hunting/Sample/MultipleRegistrationDenies.json,00efc5a5f2c477e33f58a69111cd371ac28c14da
Hunting/Sample/RareProcess_ForLxHost.json,839c9bb84921976dc70f7c208f83bb67cf039821
Hunting/Sample/ProofpointPODHighScoreMalwareValue.json,09be54afda67d70bbada956e8e0fa88ddc141385
Workbooks/Sample/Office365_ARM.json,4d341644e6f18161964296b1409f4f26d8d3c86b
Workbooks/Sample/IllusiveASM_ARM.json,1dbf9f5c0c9b3bb06da6e44afb3ef75a477b44a7
Hunting/Sample/StorageAlertCorrelationwithCommonSecurityLogsandAuditLogs.json,90e4980b51fc8a3d80292ba81b61f497d514d89b
Hunting/Sample/UnfamiliarsignincorrelationwithPortalSigninandAuditlogs.json,74312e1aa6fd1a7758521b42f63cff7c45c8a9f7
Hunting/Sample/Anomalous Code Execution.json,923345f25a5f6b69f0bef7e74870d0ef2ea1246d
Workbooks/Sample/BETTER_MTD_Workbook_ARM.json,4f622f9aa9474c58816a2d8774a6ae48d0ddc815
Parsers/Sample/FileEventMicrosoftFileStorage.json,1d68a332fdd9fdca02c0df1d74d24a15c6383ba8
Hunting/Sample/AzureAdministrationFromVPS.json,e4c012bc9cbc53970455e1904cb7677adadae7f3
Parsers/Sample/vimDnsCorelightZeek.json,378c4e8fe4602a6ec5e0272117215301c147c0a6
Hunting/Sample/FirewallRuleChanges_using_netsh.json,b5906689ac4f8b798c561eea83f98ed2186d8fc8
Hunting/Sample/SQL-UserRoleChanged.json,eb26f66efaae7b4feaf4f58041b5f3e4db560f0f
Parsers/Sample/vimNetworkSessionMicrosoftWindowsEventFirewall.json,8d40c0ba7bacd92617e2c3e0f0323cfbd813629d
Parsers/Sample/ASimAuthentication.json,553f3089ea7f93634fb679db4c4fb0d9460366fd
Workbooks/Sample/AzureActiveDirectorySignins_ARM.json,cbe819b3555f64d43379137c21a3fd93293a37c0
Hunting/Sample/Signins-From-VPS-Providers.json,63101129921a0ed21d8f35da1a7ceb007fa605fa
Hunting/Sample/CustomUserList_FailedLogons.json,ebe1148cc13c0940065fd2263550a55a012d9201
Workbooks/Sample/AksSecurity_ARM.json,9e2e54c075db8b0c03913028368c45388da5fbd4
Workbooks/Sample/UnifiSGNetflow_ARM.json,37a9a05eedbbbfb45f9c805d4d753ab3b12b45e7
Parsers/Sample/ASimDnsCorelightZeek.json,edd83d04f844ac599cbeccf6f418b6243db1fae4
Parsers/Sample/vimAuthenticationMicrosoftMD4IoT.json,a8084fd671ec356eea85d5abe8ec8f36969f14dc
Hunting/Sample/Anomalous Data Access.json,d50a84d36bd1d3f9626145b2fb615b28a2592ec4
Hunting/Sample/ExternalUserAddedRemovedInTeams_HuntVersion.json,4712b2e426e4fbde111ccc26e3055edc82cce38e
Parsers/Sample/imWebSession.json,abbf3a73d0d38fa8d4cdc65211d3e5f4fd6e6dae
Hunting/Sample/Suspicious_Windows_Login_outside_normal_hours.json,0e6515b43b38f390e63bb83488acd9d0dc4f8b0a
Hunting/Sample/AlertsForIP.json,6b1780e28263800aee6cb1a717a2b83b385844fb
Hunting/Sample/signinBurstFromMultipleLocations.json,b23d7022e4a9ccb1e57fc3dd1017e82edb483daf
Hunting/Sample/AzureSentinelConnectors_AdministrativeOperations.json,5a3c23c913356bda3b49235dcd56d67f1bc92e98
Hunting/Sample/SQL-UserDeletedFromDatabase.json,5391af3b75f92a9945f386952e1a6359a17dd0a0
Hunting/Sample/StorageAlertCorrelationwithCommonSecurityLogsandStorageLogs.json,0325d7797270eacf926a0b6d2c69eab46595780d
Hunting/Sample/SQL-MultipleFailedLogon_FromSameIP.json,246270c377b5e4b8a8043e78fb654f525ac92acd
Workbooks/Sample/esetSMCWorkbook_ARM.json,ec05a579a3f31f5b197564ecbf5818a755eadfd6
Hunting/Sample/CriticalPortsOpened.json,835504bc29aec97f777f47eec18d6eab762c11f4
Hunting/Sample/SuspectedProxyTokenExploitation.json,c08e8e11bdb79b652c8b5fda5a418e231472b507
Hunting/Sample/VIPAccountFailedLogons.json,95ed0dad96a39395cd31d5f7794d9d58af1d66e4
Hunting/Sample/HostsWithNewLogons.json,0ef9d1bc6bb8410d9c70ff0840588ed2c2ab501c
Workbooks/Sample/QualysVMv2_ARM.json,d777e5c0f35b2bcaa7f93b2c11ef98648629ca57
Workbooks/Sample/DataCollectionHealthMonitoring_ARM.json,1f4afd458560d4f5be4341ff2d9bddfaba68de76
Hunting/Sample/First Time User Invite and Add Member to Org.json,f3e51df1cab36a291c3a08a0d1579c2b38b7e2c7
Workbooks/Sample/ProofpointPOD_ARM.json,18c886db357f93d1c388de74c342516e5da21546
Hunting/Sample/AnomalousUserAppSigninLocationIncreaseDetail.json,e549956b36ccceb662695384700e6bffed4af2cb
Hunting/Sample/User Logons By Logon Type.json,59b29f0e78b17a48ab300cb5488f99574b410ad4
Workbooks/Sample/VisualizationDemo_ARM.json,a9ab604047f746d357f91cceb2ce0b461c26c22d
Hunting/Sample/Least_Common_Process_Command_Lines.json,f268792120507434969933bd52e9a02d4ed2f0fc
Hunting/Sample/CryptoCurrencyMiners.json,cc35736a39902c6bdb34c4dac0287627a0536bb1
Workbooks/Sample/Cisco_ARM.json,45071bbf3bbb765365ef2eefd4c704be992fb8c3
Hunting/Sample/AnalyticsRulesAdministrativeOperations.json,2b3845e1b777b23d4a583cd44e64564cf9c7cae0
Workbooks/Sample/M365SecurityPosture_ARM.json,2e53456c9523391b6f8c1aaa36dbfcf1aa07a91d
Hunting/Sample/DNS_FullNameAnomalousLookupIncrease.json,5d04dcf2c6b03b6775699a535cb30317539ebbf7
Hunting/Sample/DNS_LongURILookup.json,709f847d74044407b744dd02a0ab37bfc8945901
Hunting/Sample/AnomolousSignInsBasedonTime.json,e137192ecd6391a0e5610329de6a7f8eb0b7f69b
Hunting/Sample/UserAccountCreatedDeleted.json,f800c27c3b9b1e22c62180db3c564811b07b2b5f
Parsers/Sample/vimNetworkSessionMicrosoft365Defender.json,5bdcce1a6b08be11a46be9f76eb2977f834f0771
Hunting/Sample/WireDataBeacon.json,9845c8394896424e9aaa8e558beb984111ab0ae7
Hunting/Sample/MultipleExplicitCredentialUsage4648Events.json,9fdb6bb9b5c32df31d0de51b3f4c3f595e5a4707
Hunting/Sample/SolarWindsInventory.json,c257c172edb51d210183948cb91eeb916fb8b1a5
Hunting/Sample/FailedUserLogons.json,5b399c22ea62f60e7e2219b9aa17ea189b96e112
Parsers/Sample/FileEventMicrosoftSharePoint.json,7a23873591f6ab527a79c6181c3a9f9456574824
Workbooks/Sample/ZimperiumWorkbooks_ARM.json,18539b06dd76feda5244fdf53b1b366995addc24
Parsers/Sample/NetworkSessionGeneric.json,0edc7ec94e2bd97649d67d310c74d01cff31cd34
Workbooks/Sample/ForcepointDLP_ARM.json,c31603c22a064cb689aa4e861db44ab006094ede
Hunting/Sample/ClientIPwithManyUserAgents.json,aa388e7d89c69e35b7711fb800a0eea6f77fe33c
Parsers/Sample/vimDnsCiscoUmbrella.json,4c603be97e7b7186dd319ec388a003e06db770e0
Workbooks/Sample/ForcepointCloudSecuirtyGatewayworkbook_ARM.json,c3fd4900b9ad84e3c0686c80f924565e11c46010
Hunting/Sample/powershell_newencodedscipts.json,b3b7d223893225a3b0f57d6d4953b06fce1b8d02
Workbooks/Sample/CheckPoint_ARM.json,43a6872a2365d6afb5e67f59055e6eabffc96377
Hunting/Sample/NetworkConnectiontoOMIPorts.json,76fa6d21394cdac2326d83c4585b8d70c9635de8
Hunting/Sample/AzDODisplayNameSwapping.json,045fb69a3dfddc357c1ea50b957c81d6788b9bb7
Hunting/Sample/Anomalous RDP Activity.json,339a2f3a40f966c9980c62e8ff662eff978599fa
Hunting/Sample/MultiTeamOwner.json,2d55308ed998212f7d99d4cca27982e3d527d8c6
Hunting/Sample/new_adminaccountactivity.json,0e4ad6b6f97f3f4471341659255dab86c64dcaf1
Hunting/Sample/UserReturningMoreDataThanDailyAverage.json,399065a70c0d01dcc824868670469935ed210b83
Hunting/Sample/RareProcess_forWinHost.json,b4e9bde8fa96531533151de46083509fa0a51a7a
Hunting/Sample/NewChildProcessOfW3WP.json,91e8a618997511cbc357ddb004bb722a64d8d564
Parsers/Sample/RegistryEventMicrosoftWindowsEvent.json,a45d2c2162b4998d2f5814a13651faf97dbac0e2
Hunting/Sample/AzureStorageMassDeletion.json,8ce5038bf45d318920df5203d452dc3e485da69a
Parsers/Sample/ASimDns.json,f766070ef934c0f5e80afb1c5d6ba3071d8491de
Workbooks/Sample/MicrosoftCloudAppSecurity_ARM.json,def7a231de000274992b105d904cbbb3ee7ef64b
Hunting/Sample/InactiveAccounts.json,fcd191d3a6f7209cb3068afa46842a7cf3fd9f71
Hunting/Sample/LogonwithExpiredAccount.json,d639cc743b6030bfd1b4c5f9368b6e047fe39587
Workbooks/Sample/ForcepointNGFW_ARM.json,5a58574a4c9e8d54f5de9caed34da27935b35098
Parsers/Sample/ProcessEventEmpty.json,076e2bd4dbb6e6f4c4b47abd6bb4a4fbd98a1ea4
Workbooks/Sample/AIA-Darktrace_ARM.json,6299052f7d20cf997d9b9487d608ec7581ae5e34
Hunting/Sample/UserGrantedAccess_AllAuditActivity.json,d801866aff0facc7bfaf4dede384b1db2448ed23
Parsers/Sample/ProcessEventTerminate.json,89e643f2d7e78491792351b347b9c891cdb7565c
Workbooks/Sample/SysmonThreatHunting_ARM.json,656518c7d5c877d9ed5dc64a8c928a75f8f273b4
Hunting/Sample/FileEntity_SecurityEvent.json,bf902d8d03eadb422ad4601217e20d5b68c11c42
Hunting/Sample/WindowsSystemShutdown-Reboot.json,6e298e46e4c41f94f5c25b321f809aba71c6d36c
Hunting/Sample/imProcess_HostExportingMailboxAndRemovingExport.json,881b4ae53e0a1ce0dd903a424abe790211f0aa2e
Hunting/Sample/WebShellCommandAlertEnrich.json,3db6c0a761ddad077ffa5509a9a4cabaacbd09ef
Workbooks/Sample/DuoSecurity_ARM.json,b3110ad625c9672d21e7943d166d7cff337d7e23
Workbooks/Sample/Citrix_ARM.json,055d18294ddca361583aa4b1ce71e528655275a6
Hunting/Sample/ExchangeServerSuspiciousURIsVisited.json,0bbda38a1f1087687aec1a1c86132f5253ca17c5
Hunting/Sample/DormantUserUpdateMFAandLogsIn.json,865df4c457b86b2bb147c92a19ad3492a7db681a
Parsers/Sample/ProcessEventMicrosoftSysmonTerminate.json,1824395fcf34554b522d20bb615e98c373db202f
Hunting/Sample/Potential_IIS_CodeInject.json,a258122a8f244bb5e7d163b79d8970048d3caabe
Hunting/Sample/LegacyAuthAttempt.json,89cb418447d099d65910e89f2258a67f836f1941
Hunting/Sample/Azure-CloudShell-Usage.json,7a91e2820f3d780828b02c9154c37c0bc6488161
Hunting/Sample/AzureStorageUploadFromVPS.json,ba05fb70d4270e35369d5235e08fb17bf9b3fa3d
Workbooks/Sample/AzDDoSStandardWorkbook_ARM.json,1d337bfd3525feb0569d92ee27f0021e36d99829
Hunting/Sample/FileEntity_Syslog.json,85b8fc8ceeb27c75d307fabd402c7e23cd62be57
Workbooks/Sample/InsecureProtocols_ARM.json,1e8b2efb8a34078da90a4c2e264bba3007874619
Hunting/Sample/NishangReverseTCPShellBase64.json,7b840274215c61045b32d859040df4cf36ea0cf0
Workbooks/Sample/OneIdentity_ARM.json,7bff6a2738b8a6096d8196d47ea314f06ae82b18
Parsers/Sample/ASimAuthenticationAADSigninLogs.json,1bd1594bbdc9277b14d8a4bab5bff47a518e5d4e
Workbooks/Sample/AzureSentinelSecurityAlerts_ARM.json,a3ecb59ff8e502f4d02fb7aea2eda59fa81bfd0b
Hunting/Sample/RareDNSLookupWithDataTransfer.json,5cf16d93c7c7f502ede90cfeb48f8c1a608b2f21
Hunting/Sample/Solorigate-DNS-Pattern.json,b76f467216dc1f8b17204c8d1e606c8362366868
Hunting/Sample/Inactive or New Account Usage.json,b6a1eb7191a15881b9ef9a10c4afea2c651fa381
Parsers/Sample/vimDnsMicrosoftOMS.json,b06786dea7300748e0b2a2469abe40cb1290a8b8
Parsers/Sample/RegistryEventEmpty.json,c02d5a5d6d340fd4e3ffd5650014e44e5e141e84
Hunting/Sample/UserGrantedAccess_GrantsOthersAccess.json,e9228f80b587f08a4c8b59092f9ec272e7ef518e
Hunting/Sample/ADONewReleaseApprover.json,2ce21538c1923d37c3e369cbe54c4cead7b317f5
Workbooks/Sample/ZeroTrust(TIC3.0)_ARM.json,41fa77224f3ef7f99016f2acd38c3695e261e703
Hunting/Sample/QueryLookingForSecrets.json,a6fa3bcee1b0c931ee330cd94678e200d94169ee
Workbooks/Sample/IdentityAndAccess_ARM.json,72032f70c5ab968f0e3cc794e49fd75b40178c29
Workbooks/Sample/AIVectraDetectWorkbook_ARM.json,77146fb076eda8ec17e517b78cc11b186d8f1772
Workbooks/Sample/AzureInformationProtection_ARM.json,4e75961aa6ea19ca563ed14ec5a8330f264fd385
Workbooks/Sample/InfobloxNIOS_ARM.json,b7e1495e0d34478a1ee6b6b9a36697e9712fc7e4
Parsers/Sample/NetworkSessionCiscoASA.json,76e79000c8ee23af2d0a651deb10441effc35e1c
Hunting/Sample/new_sharepoint_downloads_by_IP.json,a0f6317fb6cd75f5b8c0d6769b4f8ac41ab51910
Workbooks/Sample/AzureActiveDirectoryAuditLogs_ARM.json,0ec61195c9617bfbc03511e4e3fb10c51d6b8dbb
Workbooks/Sample/WebApplicationFirewallWAFTypeEvents_ARM.json,d705360e44cfca5421837068e11827236af6ece0
Hunting/Sample/Sample-DNSEventsMatchToThreatIntel.json,3b590da8ffa9f06a55920c7a5171a1e24c3a516c
Workbooks/Sample/AzureAuditActivityAndSignin_ARM.json,a858c9fc9150b53ba138744521c8215e6257708b
Hunting/Sample/SchedTaskEditViaCrontab.json,841a9286360e1697d867d902f5f5433679699179
Workbooks/Sample/WindowsFirewall_ARM.json,638348e346bdca89fe5b9d54b8432d42bede413d
Hunting/Sample/AzureResourceAssignedPublicIP.json,73e174d9783d73358eccf67f355cc423d3d99e37
Workbooks/Sample/SolarWindsPostCompromiseHunting_ARM.json,514df40bd4d1b05ded8e76c8dc1049e07fa07cf0
Hunting/Sample/inProcess_SignedBinaryProxyExecutionRundll32.json,36c4cabdecdc7420adf3be1fdbc6ce4237297153
Hunting/Sample/NewUserRunningQueries.json,702c635d8f40aa90d55a622e32321dc6ff6a882e
Hunting/Sample/AzureStorageFileCreateAccessDelete.json,6c629b600a065f46c346df6a69416981ddd5d2bc
Parsers/Sample/NetworkSessionMicrosoftWireData.json,d63e8fd67a30fa5d49ae6f3bdff082b0f771f6bb
Parsers/Sample/ASimDnsMicrosoftNXlog.json,4380d0bf0348587922827ddae9bd05f0954a8ac1
Workbooks/Sample/LinuxMachines_ARM.json,b9d7a2401f8ca2f2b9dfcbacd8e97da28661f41b
Hunting/Sample/ADOVariableCreatedDeleted.json,f38e0b0a87400fadf050cc8de2586f756955231d
Workbooks/Sample/AmazonWebServicesNetworkActivities_ARM.json,8e8d75869aa9aaf9877120998be8de0fe28e179a
Parsers/Sample/vimAuthenticationAADServicePrincipalSignInLogs.json,804ceecd5b44ce5978dad361295deb58933b34c2
Workbooks/Sample/MITREAttack_ARM.json,d92d72b5a8bcea6ef435448546f06236db0effd0
Hunting/Sample/FireEyeRedTeamComms.json,900c21b8bb5295f5be5594bcad6171e09c038f0a
Parsers/Sample/imAuthentication.json,b2332a6b428fdaab24847ed9fb54e0397c8350dc
Hunting/Sample/Anomalous Defensive Mechanism Modification.json,17a6b5be0ebe23b236a29d3bed40ecd8c9878956
Hunting/Sample/persistence_create_account.json,9665c6ade1544e3a017bd65ecbb61ca289702ce2
Hunting/Sample/DormantServicePrincipalUpdateCredsandLogsIn.json,9671736ea220556fa883a6504863358c3542bbf9
Hunting/Sample/SignInLogsWithExpandedPolicies.json,f318117ef09be61fe8fc43f9de4d9642438f1b91
Hunting/Sample/Anomalous AAD Account Manipulation.json,15b573f66a93ada380907a9ddc81064b7ac75a8d
Hunting/Sample/Least_Common_Process_With_Depth.json,476cc1469b3ebcb31ac441349bece3fcf779b7e0
Workbooks/Sample/ProofpointTAP_ARM.json,7d2a08187260c6801a87be996b6015da07816255
Hunting/Sample/squid_malformed_requests.json,4de915a67a8d194bb29bdb19a61ace384bcea10a
Workbooks/Sample/IOT_Alerts_ARM.json,4738e4d9cdbadf78076f0285f1ce4bf2e94e9ae0
Workbooks/Sample/ExchangeOnline_ARM.json,dd16b2ac7f2a349157beac30ab6e676ee7c9d49b
Parsers/Sample/imNetworkNotables.json,3258f6b55795fad3aa916b7af9b882885ff1ab01
Hunting/Sample/ADOInternalUpstreamPacakgeFeedAdded.json,8872d130417ae7d8e772f167f8b8cf8cb0a215c0
Hunting/Sample/NewDomainAccess.json,d8c2c513e9556ea6b0be477686effb317b06f743
Hunting/Sample/CobaltDNSBeacon.json,d28287045631d55fc4335c86a37ada9f60728ac2
Workbooks/Sample/WebApplicationFirewallGatewayAccessEvents_ARM.json,c4890a2062142ec797e6701df32e026a8dc0560c
Hunting/Sample/AWS_IAM_PolicyChange.json,9a3bbfcbe38d3e173437798eecc7b267c7535d20
Hunting/Sample/AlertsOnHost.json,a40da0623a71b078de5bbdbe8307c3b47eb7dc46
Workbooks/Sample/AzureFirewall_ARM.json,03ca62ca73d0caed5d60705576eda147020ac1b8
Hunting/Sample/disabled_account_squid_usage.json,e7c412d00ab539c9bc3b4dacf41db32d6f004f22
